pdb_path,secondary_structure,secondary_structure_dssp_reduced_alphabet,sap_score,aliphatic_residues_in_design,bad_torsion_preproline,holes_in_design_lower_is_better,hydrophobic_exposure_sasa_in_design,hydrophobic_residues_in_design,longest_cont_apolar_seg,longest_cont_polar_seg,net_charge_in_design_not_w_his,number_dssp_helices_in_design,number_dssp_loops_in_design,number_dssp_sheets_in_design,total_pose_sasa,total_residues_in_design_plus_ligand,total_rosetta_energy_metric
./output/af2_out/predesigned_RFD2_i2/filtered_structures/APO_RELAXED/zn_hydrolase_PSZ_H_H_H_1_63_0_1-atomized-bb-False_0_10_model_4_ptm_seed_0_unrelaxed_PSZ_0_1_model_4_ptm_seed_0_unrelaxed_relaxedAPO.pdb,EEEEEE   HHHHHHHHHHHHHTT  EEEEEE GGGGGGTGGG  EEEEEEE  STT      EEHHHHHHHHHHHHHHHHHTT EEEEEEE       HHHHHHHHHHHHHHHHHHHHHHHHHHHHTT   SEEEEEEEE   HHHHHHHHHTTTTT  EEEEEE  TT  HHHHHHHHHHHHHHHHHHHHTTHHHHH,LLLEEEEEELLLHHHHHHHHHHHHHLLLLEEEEEELHHHHHHLHHHLLEEEEEEELLLLLLLLLLLEEHHHHHHHHHHHHHHHHHLLLEEEEEEELLLLLLLHHHHHHHHHHHHHHHHHHHHHHHHHHHHLLLLLLEEEEEEEELLLHHHHHHHHHLLLLLLLEEEEEELLLLLLHHHHHHHHHHHHHHHHHHHHLLHHHHHL,47.0713,74,2,-0.713032,725.773,64,10,5,-13,8,15,6,9718.16,203,-559.592
./output/af2_out/predesigned_RFD2_i2/filtered_structures/APO_RELAXED/zn_hydrolase_PSZ_H_H_H_1_63_0_1-atomized-bb-False_0_10_model_4_ptm_seed_0_unrelaxed_PSZ_0_1_T0.2_3_model_4_ptm_seed_0_unrelaxed_relaxedAPO.pdb,EEEEEE   HHHHHHHHHHHHHTT  EEEEEE GGGGGGTTTT  EEEEEEE   TT  GGG   HHHHHHHHHHHHHHHHHTT EEEEEEE   EE  HHHHHHHHHHHHHHHHHHHHHHHHHHHHHT   SEEEEEEEE   HHHHHHHHHTTTTT  EEEEEE   EE HHHHHHHHHHHHHHHHHHHHTTTTGGG,LLLEEEEEELLLHHHHHHHHHHHHHLLLLEEEEEELHHHHHHLLLLLLEEEEEEELLLLLLLHHHLLLHHHHHHHHHHHHHHHHHLLLEEEEEEELLLEELLHHHHHHHHHHHHHHHHHHHHHHHHHHHHHLLLLLEEEEEEEELLLHHHHHHHHHLLLLLLLEEEEEELLLEELHHHHHHHHHHHHHHHHHHHHLLLLHHHL,49.6623,72,2,-1.28051,669.913,65,10,7,-11,8,17,6,9851.73,203,-569.322
./output/af2_out/predesigned_RFD2_i2/filtered_structures/APO_RELAXED/zn_hydrolase_PSZ_H_H_H_1_63_0_1-atomized-bb-False_0_10_model_4_ptm_seed_0_unrelaxed_PSZ_0_8_T0.1_0_model_4_ptm_seed_0_unrelaxed_relaxedAPO.pdb,EEEEEE   HHHHHHHHHHHHHTT  EEEEEE GGGGGGTGGG  EEEEEEEET TT  TTTEE HHHHHHHHHHHHHHHHHTT EEEEEEE       HHHHHHHHHHHHHHHHHHHHHHHHHHHHTT    EEEEEEEE   GHHHHHHHHTTGGG  EEEEEEE   S  THHHHHHHHHHHHHHHHHHTTTTGGG,LLLEEEEEELLLHHHHHHHHHHHHHLLLLEEEEEELHHHHHHLHHHLLEEEEEEEELLLLLLLLLEELHHHHHHHHHHHHHHHHHLLLEEEEEEELLLLLLLHHHHHHHHHHHHHHHHHHHHHHHHHHHHLLLLLLEEEEEEEELLLHHHHHHHHHLLHHHLLEEEEEEELLLLLLLHHHHHHHHHHHHHHHHHHLLLLHHHL,47.6003,71,2,-1.13061,559.828,66,10,7,-12,9,17,6,9704.83,203,-584.716
./output/af2_out/predesigned_RFD2_i2/filtered_structures/APO_RELAXED/zn_hydrolase_PSZ_H_H_H_1_63_0_1-atomized-bb-False_0_10_model_4_ptm_seed_0_unrelaxed_PSZ_0_8_T0.1_2_model_4_ptm_seed_0_unrelaxed_relaxedAPO.pdb,EEEEEE   HHHHHHHHHHHHHTT  EEEEEE GGGGGGTGGG  EEEEEEEE  TT  TTTEE HHHHHHHHHHHHHHHHHTT EEEEEEE       HHHHHHHHHHHHHHHHHHHHHHHHHHHHHT   SEEEEEEEE   GHHHHHHHHTTTTT  EEEEEEE   S HHHHHHHHHHHHHHHHHHHHTT GGGT,LLLEEEEEELLLHHHHHHHHHHHHHLLLLEEEEEELHHHHHHLHHHLLEEEEEEEELLLLLLLLLEELHHHHHHHHHHHHHHHHHLLLEEEEEEELLLLLLLHHHHHHHHHHHHHHHHHHHHHHHHHHHHHLLLLLEEEEEEEELLLHHHHHHHHHLLLLLLLEEEEEEELLLLLHHHHHHHHHHHHHHHHHHHHLLLHHHLL,44.7762,71,2,-1.49566,624.529,66,10,7,-10,8,16,6,9376.68,203,-601.053
./output/af2_out/predesigned_RFD2_i2/filtered_structures/APO_RELAXED/zn_hydrolase_PSZ_H_H_H_1_63_0_1-atomized-bb-False_0_10_model_4_ptm_seed_0_unrelaxed_PSZ_0_8_T0.1_3_model_4_ptm_seed_0_unrelaxed_relaxedAPO.pdb,EEEEEE   HHHHHHHHHHHHHTT  EEEEEE GGGGGGTGGG  EEEEEEE   TT  TTTB  HHHHHHHHHHHHHHHHHTT EEEEEEE   EE  HHHHHHHHHHHHHHHHHHHHHHHHHHHHTT    EEEEEEEE   HHHHHHHHHTTTTT  EEEEEE   EE HHHHHHHHHHHHHHHHHHHHTTTTGGG,LLLEEEEEELLLHHHHHHHHHHHHHLLLLEEEEEELHHHHHHLHHHLLEEEEEEELLLLLLLLLLELLHHHHHHHHHHHHHHHHHLLLEEEEEEELLLEELLHHHHHHHHHHHHHHHHHHHHHHHHHHHHLLLLLLEEEEEEEELLLHHHHHHHHHLLLLLLLEEEEEELLLEELHHHHHHHHHHHHHHHHHHHHLLLLHHHL,47.2152,71,2,-1.40968,599.103,67,10,7,-10,8,18,6,9757.14,203,-598.55
./output/af2_out/predesigned_RFD2_i2/filtered_structures/APO_RELAXED/zn_hydrolase_PSZ_H_H_H_1_63_0_1-atomized-bb-False_0_10_model_4_ptm_seed_0_unrelaxed_PSZ_0_9_model_4_ptm_seed_0_unrelaxed_relaxedAPO.pdb,EEEEEE  SHHHHHHHHHHHHHTT  EEEEEE GGGGGGTGGG  EEEEEEEE STT  TTTEE HHHHHHHHHHHHHHHHHTT EEEEEEE       HHHHHHHHHHHHHHHHHHHHHHHHHHHHTT    EEEEEEEE   GHHHHHHHHTTGGG  EEEEEEE TT  HHHHHHHHHHHHHHHHHHHHIII TTT,LLLEEEEEELLLHHHHHHHHHHHHHLLLLEEEEEELHHHHHHLHHHLLEEEEEEEELLLLLLLLLEELHHHHHHHHHHHHHHHHHLLLEEEEEEELLLLLLLHHHHHHHHHHHHHHHHHHHHHHHHHHHHLLLLLLEEEEEEEELLLHHHHHHHHHLLHHHLLEEEEEEELLLLLHHHHHHHHHHHHHHHHHHHHHHHLLLLL,49.4449,75,2,-1.07011,552.586,63,5,5,-13,8,16,6,9586.47,203,-588.986
./output/af2_out/predesigned_RFD2_i2/filtered_structures/APO_RELAXED/zn_hydrolase_PSZ_H_H_H_1_63_0_1-atomized-bb-False_0_10_model_4_ptm_seed_0_unrelaxed_PSZ_0_9_T0.1_2_model_4_ptm_seed_0_unrelaxed_relaxedAPO.pdb,EEEEEE   HHHHHHHHHHHHHTT  EEEEEE GGGGGGTGGG  EEEEEEE B TT TT B   HHHHHHHHHHHHHHHHHTT EEEEEEE       HHHHHHHHHHHHHHHHHHHHHHHHHHHHHT   SEEEEEEEE   HHHHHHHHHTTTTT  EEEEEE  TT  HHHHHHHHHHHHHHHHHHHHTTHHHHH,LLLEEEEEELLLHHHHHHHHHHHHHLLLLEEEEEELHHHHHHLHHHLLEEEEEEELELLLLLLLELLLHHHHHHHHHHHHHHHHHLLLEEEEEEELLLLLLLHHHHHHHHHHHHHHHHHHHHHHHHHHHHHLLLLLEEEEEEEELLLHHHHHHHHHLLLLLLLEEEEEELLLLLLHHHHHHHHHHHHHHHHHHHHLLHHHHHL,49.9606,72,2,-0.698413,760.928,65,5,5,-12,8,17,6,9755.36,203,-607.741
./output/af2_out/predesigned_RFD2_i2/filtered_structures/APO_RELAXED/zn_hydrolase_PSZ_H_H_H_1_63_0_1-atomized-bb-False_0_10_model_4_ptm_seed_0_unrelaxed_PSZ_0_9_T0.2_1_model_4_ptm_seed_0_unrelaxed_relaxedAPO.pdb,EEEEEE   HHHHHHHHHHHHHTT  EEEEEE GGGGGGTGGG  EEEEEEE   TT TT S   HHHHHHHHHHHHHHHHHTT EEEEEEE       HHHHHHHHHHHHHHHHHHHHHHHHHHHHTT   SEEEEEEEE   HHHHHHHHHTTTTT  EEEEEE  TT  HHHHHHHHHHHHHHHHHHHHTTTTTTT,LLLEEEEEELLLHHHHHHHHHHHHHLLLLEEEEEELHHHHHHLHHHLLEEEEEEELLLLLLLLLLLLLHHHHHHHHHHHHHHHHHLLLEEEEEEELLLLLLLHHHHHHHHHHHHHHHHHHHHHHHHHHHHLLLLLLEEEEEEEELLLHHHHHHHHHLLLLLLLEEEEEELLLLLLHHHHHHHHHHHHHHHHHHHHLLLLLLLL,53.7486,73,2,-1.33356,824.974,66,5,5,-12,7,14,6,9737.01,203,-603.429
./output/af2_out/predesigned_RFD2_i2/filtered_structures/APO_RELAXED/zn_hydrolase_PSZ_H_H_H_1_63_0_1-atomized-bb-False_0_10_model_4_ptm_seed_0_unrelaxed_PSZ_1_0_T0.1_1_model_4_ptm_seed_0_unrelaxed_relaxedAPO.pdb,EEEEEE   HHHHHHHHHHHHHTT  EEEEEE GGGGGGTGGG  EEEEEEE   TT  GGGBS HHHHHHHHHHHHHHHHHTT EEEEEEE       HHHHHHHHHHHHHHHHHHHHHHHHHHHHHT   SEEEEEEEE   HHHHHHHHHTTTTT  EEEEEE  TT  HHHHHHHHHHHHHHHHHHHHTTTTTTT,LLLEEEEEELLLHHHHHHHHHHHHHLLLLEEEEEELHHHHHHLHHHLLEEEEEEELLLLLLLHHHELLHHHHHHHHHHHHHHHHHLLLEEEEEEELLLLLLLHHHHHHHHHHHHHHHHHHHHHHHHHHHHHLLLLLEEEEEEEELLLHHHHHHHHHLLLLLLLEEEEEELLLLLLHHHHHHHHHHHHHHHHHHHHLLLLLLLL,57.3262,73,2,-0.451704,889.296,67,10,8,-12,8,15,6,10035.7,203,-592.53
./output/af2_out/predesigned_RFD2_i2/filtered_structures/APO_RELAXED/zn_hydrolase_PSZ_H_H_H_1_63_0_1-atomized-bb-False_0_10_model_4_ptm_seed_0_unrelaxed_PSZ_1_0_T0.2_0_model_4_ptm_seed_0_unrelaxed_relaxedAPO.pdb,EEEEEE   HHHHHHHHHHHHHTT  EEEEEE GGGGGGTGGG  EEEEEEE   TT  TTTB  HHHHHHHHHHHHHHHHHGT EEEEEEE       HHHHHHHHHHHHHHHHHHHHHHHHHHHHHT   SEEEEEEEE   HHHHHHHHHTTTTT  EEEEEE  TT  HHHHHHHHHHHHHHHHHHHHTTTTTTT,LLLEEEEEELLLHHHHHHHHHHHHHLLLLEEEEEELHHHHHHLHHHLLEEEEEEELLLLLLLLLLELLHHHHHHHHHHHHHHHHHHLLEEEEEEELLLLLLLHHHHHHHHHHHHHHHHHHHHHHHHHHHHHLLLLLEEEEEEEELLLHHHHHHHHHLLLLLLLEEEEEELLLLLLHHHHHHHHHHHHHHHHHHHHLLLLLLLL,53.7211,72,2,-1.19633,739.09,67,10,8,-12,7,15,6,9650.24,203,-595.489
./output/af2_out/predesigned_RFD2_i2/filtered_structures/APO_RELAXED/zn_hydrolase_PSZ_H_H_H_1_63_0_1-atomized-bb-False_0_10_model_4_ptm_seed_0_unrelaxed_PSZ_1_1_model_4_ptm_seed_0_unrelaxed_relaxedAPO.pdb,EEEEEE   HHHHHHHHHHHHHTT  EEEEEE GGGGGGTGGG  EEEEEEE  STT   TT B HHHHHHHHHHHHHHHHHTT EEEEEEE       HHHHHHHHHHHHHHHHHHHHHHHHHHHHTT   SEEEEEEEE   HHHHHHHHHTTTTT  EEEEEE  TT  HHHHHHHHHHHHHHHHHHHHTTHHHHH,LLLEEEEEELLLHHHHHHHHHHHHHLLLLEEEEEELHHHHHHLHHHLLEEEEEEELLLLLLLLLLLELHHHHHHHHHHHHHHHHHLLLEEEEEEELLLLLLLHHHHHHHHHHHHHHHHHHHHHHHHHHHHLLLLLLEEEEEEEELLLHHHHHHHHHLLLLLLLEEEEEELLLLLLHHHHHHHHHHHHHHHHHHHHLLHHHHHL,61.1203,80,3,0.0223203,946.466,67,10,5,-12,8,16,6,9950.78,203,-531.954
./output/af2_out/predesigned_RFD2_i2/filtered_structures/APO_RELAXED/zn_hydrolase_PSZ_H_H_H_1_63_0_1-atomized-bb-False_0_10_model_4_ptm_seed_0_unrelaxed_PSZ_1_1_T0.1_4_model_4_ptm_seed_0_unrelaxed_relaxedAPO.pdb,EEEEEE   HHHHHHHHHHHHHTT  EEEEEE GGGGGGTGGG  EEEEEEE  STT  GGG   HHHHHHHHHHHHHHHHHTT EEEEEEE       HHHHHHHHHHHHHHHHHHHHHHHHHHHHHT   SEEEEEEEE   HHHHHHHHHTTGGG  EEEEEE  TT  HHHHHHHHHHHHHHHHHHHHTTTTGGG,LLLEEEEEELLLHHHHHHHHHHHHHLLLLEEEEEELHHHHHHLHHHLLEEEEEEELLLLLLLHHHLLLHHHHHHHHHHHHHHHHHLLLEEEEEEELLLLLLLHHHHHHHHHHHHHHHHHHHHHHHHHHHHHLLLLLEEEEEEEELLLHHHHHHHHHLLHHHLLEEEEEELLLLLLHHHHHHHHHHHHHHHHHHHHLLLLHHHL,57.2225,76,2,-1.24386,847.713,69,10,7,-11,10,17,6,9669.07,203,-568.139
./output/af2_out/predesigned_RFD2_i2/filtered_structures/APO_RELAXED/zn_hydrolase_PSZ_H_H_H_1_63_0_1-atomized-bb-False_0_10_model_4_ptm_seed_0_unrelaxed_PSZ_1_1_T0.2_3_model_4_ptm_seed_0_unrelaxed_relaxedAPO.pdb,EEEEEE  SHHHHHHHHHHHHHTT  EEEEEE GGGGGGTGGG  EEEEEEE  STT   TT EEHHHHHHHHHHHHHHHHHTT EEEEEEE       HHHHHHHHHHHHHHHHHHHHHHHHHHHHHT   SEEEEEEEE   HHHHHHHHHTTTTT  EEEEEE  TT  HHHHHHHHHHHHHHHHHHHHTTTTGGG,LLLEEEEEELLLHHHHHHHHHHHHHLLLLEEEEEELHHHHHHLHHHLLEEEEEEELLLLLLLLLLLEEHHHHHHHHHHHHHHHHHLLLEEEEEEELLLLLLLHHHHHHHHHHHHHHHHHHHHHHHHHHHHHLLLLLEEEEEEEELLLHHHHHHHHHLLLLLLLEEEEEELLLLLLHHHHHHHHHHHHHHHHHHHHLLLLHHHL,50.7824,75,2,-0.341642,792.035,67,10,5,-13,8,15,6,9772.87,203,-590.874
